filename,width,height,class,xmin,ymin,xmax,ymax
318-with-mask.jpg,320,428,with_mask,67,133,251,362
319-with-mask.jpg,327,433,with_mask,69,110,267,342
322-with-mask.jpg,204,247,with_mask,57,40,152,151
323-with-mask.jpg,225,225,with_mask,51,65,171,203
324-with-mask.jpg,320,428,with_mask,61,146,272,364
325-with-mask.jpg,327,433,with_mask,65,124,268,386
326-with-mask.jpg,323,339,with_mask,79,159,234,303
327-with-mask.jpg,720,720,with_mask,242,271,641,708
330-with-mask.jpg,320,428,with_mask,55,128,287,374
331-with-mask.jpg,327,433,with_mask,51,135,264,371
332-with-mask.jpg,303,166,with_mask,26,21,206,154
332.jpg,303,166,without_mask,41,0,211,149
333-with-mask.jpg,320,428,with_mask,50,139,284,368
334-with-mask.jpg,191,263,with_mask,45,71,143,171
335-with-mask.jpg,188,268,with_mask,51,74,147,167
336-with-mask.jpg,150,178,with_mask,13,39,136,163
338-with-mask.jpg,318,442,with_mask,55,149,287,387
339-with-mask.jpg,353,554,with_mask,67,169,317,465
340-with-mask.jpg,320,428,with_mask,44,130,254,350
342-with-mask.jpg,293,328,with_mask,108,87,218,208
343-with-mask.jpg,400,600,with_mask,142,150,290,352
344-with-mask.jpg,279,288,with_mask,52,99,210,260
345-with-mask.jpg,320,428,with_mask,60,96,275,367
346-with-mask.jpg,400,436,with_mask,71,110,246,302
347-with-mask.jpg,183,275,with_mask,30,54,150,209
348-with-mask.jpg,320,428,with_mask,57,123,264,361
349-with-mask.jpg,356,549,with_mask,34,229,326,534
351-with-mask.jpg,213,237,with_mask,4,32,206,232
353-with-mask.jpg,183,275,with_mask,53,35,151,142
355-with-mask.jpg,441,385,with_mask,164,79,297,223
356-with-mask.jpg,960,960,with_mask,360,170,643,489
357-with-mask.jpg,320,428,with_mask,42,149,257,369
358-with-mask.jpg,320,428,with_mask,50,99,265,380
359-with-mask.jpg,337,466,with_mask,18,125,298,450
362-with-mask.jpg,346,423,with_mask,80,146,229,330
364-with-mask.jpg,278,309,with_mask,28,58,160,198
365-with-mask.jpg,275,183,with_mask,100,53,183,142
366-with-mask.jpg,228,221,with_mask,87,53,184,159
368-with-mask.jpg,363,408,with_mask,80,130,247,301
369-with-mask.jpg,327,433,with_mask,77,94,290,363
374-with-mask.jpg,336,427,with_mask,47,122,237,335
375-with-mask.jpg,291,384,with_mask,52,111,216,296
376-with-mask.jpg,320,428,with_mask,75,116,274,373
377-with-mask.jpg,183,275,with_mask,65,50,127,130
378-with-mask.jpg,299,168,with_mask,139,2,275,131
379-with-mask.jpg,245,206,with_mask,71,39,173,166
381-with-mask.jpg,320,433,with_mask,59,92,268,358
382-with-mask.jpg,320,428,with_mask,69,121,260,370
383-with-mask.jpg,320,428,with_mask,47,129,276,416
384-with-mask.jpg,278,181,with_mask,75,25,133,87
385-with-mask.jpg,275,183,with_mask,111,51,160,106
386-with-mask.jpg,408,411,with_mask,128,121,288,292
387-with-mask.jpg,258,195,with_mask,78,62,165,168
390-with-mask.jpg,320,428,with_mask,57,99,269,365
391-with-mask.jpg,320,433,with_mask,51,105,254,358
392-with-mask.jpg,320,428,with_mask,54,105,271,389
393-with-mask.jpg,467,518,with_mask,89,131,327,372
394-with-mask.jpg,320,428,with_mask,49,99,274,403
395-with-mask.jpg,168,299,with_mask,29,49,156,226
396-with-mask.jpg,320,428,with_mask,60,85,295,389
397-with-mask.jpg,320,428,with_mask,56,88,261,359
398-with-mask.jpg,320,433,with_mask,64,133,273,362
399-with-mask.jpg,320,428,with_mask,52,119,262,383
401-with-mask.jpg,320,428,with_mask,48,114,274,391
402-with-mask.jpg,450,800,with_mask,47,125,321,437
404-with-mask.jpg,318,442,with_mask,61,121,258,361
405-with-mask.jpg,271,338,with_mask,102,90,236,239
406-with-mask.jpg,300,168,with_mask,61,52,151,156
407-with-mask.jpg,320,428,with_mask,68,138,276,378
408-with-mask.jpg,427,378,with_mask,114,114,261,265
409-with-mask.jpg,639,639,with_mask,188,176,458,487
411-with-mask.jpg,114,141,with_mask,4,46,84,126
413-with-mask.jpg,320,428,with_mask,51,152,241,381
414-with-mask.jpg,353,344,with_mask,92,115,236,251
415-with-mask.jpg,320,433,with_mask,63,116,269,382
416-with-mask.jpg,320,433,with_mask,68,121,262,379
417-with-mask.jpg,320,428,with_mask,79,138,266,358
418-with-mask.jpg,276,416,with_mask,36,113,186,318
419-with-mask.jpg,320,433,with_mask,74,101,267,348
420-with-mask.jpg,199,253,with_mask,56,55,152,171
421-with-mask.jpg,275,183,with_mask,80,66,140,130
422-with-mask.jpg,209,267,with_mask,34,66,135,182
425-with-mask.jpg,320,428,with_mask,73,123,268,349
427-with-mask.jpg,276,183,with_mask,89,55,169,139
429-with-mask.jpg,250,250,with_mask,56,24,205,150
430-with-mask.jpg,491,507,with_mask,88,57,393,438
431-with-mask.jpg,301,499,with_mask,21,120,289,445
431.jpg,301,499,without_mask,20,113,271,448
432-with-mask.jpg,320,433,with_mask,64,129,289,392
433-with-mask.jpg,320,428,with_mask,63,111,282,378
434-with-mask.jpg,320,428,with_mask,75,120,288,368
435-with-mask.jpg,960,768,with_mask,222,135,680,681
436-with-mask.jpg,183,275,with_mask,49,45,138,166
438-with-mask.jpg,194,259,with_mask,64,79,146,190
439-with-mask.jpg,250,283,with_mask,45,71,165,204
440-with-mask.jpg,317,420,with_mask,57,89,238,322
441-with-mask.jpg,398,425,with_mask,64,83,213,276
441-with-mask.jpg,398,425,with_mask,244,152,331,264
442-with-mask.jpg,299,168,with_mask,162,35,228,103
443-with-mask.jpg,299,169,with_mask,102,55,208,163
444-with-mask.jpg,261,248,with_mask,58,67,157,156
445-with-mask.jpg,232,217,with_mask,48,24,195,202
446-with-mask.jpg,320,428,with_mask,64,106,271,363
447-with-mask.jpg,405,517,with_mask,89,208,336,495
448-with-mask.jpg,250,310,with_mask,78,74,196,221
449-with-mask.jpg,167,241,with_mask,54,55,104,131
450-with-mask.jpg,320,428,with_mask,64,115,286,375
451-with-mask.jpg,275,183,with_mask,47,7,216,175
452-with-mask.jpg,236,297,with_mask,41,51,185,244
453-with-mask.jpg,320,433,with_mask,70,118,263,366
454-with-mask.jpg,320,433,with_mask,69,88,259,348
455-with-mask.jpg,320,428,with_mask,71,126,279,400
456-with-mask.jpg,320,428,with_mask,58,119,273,381
457-with-mask.jpg,320,428,with_mask,77,137,280,371
458-with-mask.jpg,538,521,with_mask,73,94,407,460
459-with-mask.jpg,480,640,with_mask,116,94,400,412
460-with-mask.jpg,273,184,with_mask,73,37,191,170
461-with-mask.jpg,320,428,with_mask,74,153,272,389
462-with-mask.jpg,189,258,with_mask,47,67,175,250
463-with-mask.jpg,320,433,with_mask,67,124,265,367
464-with-mask.jpg,320,428,with_mask,63,117,262,356
466-with-mask.jpg,320,428,with_mask,81,133,276,371
467-with-mask.jpg,298,452,with_mask,59,99,234,337
471-with-mask.jpg,320,433,with_mask,55,118,273,360
472-with-mask.jpg,479,597,with_mask,110,113,364,400
473-with-mask.jpg,540,960,with_mask,167,226,370,456
474-with-mask.jpg,320,428,with_mask,81,125,261,344
475-with-mask.jpg,327,433,with_mask,58,135,259,355
476-with-mask.jpg,187,203,with_mask,63,35,140,117
477-with-mask.jpg,320,428,with_mask,76,102,267,360
478-with-mask.jpg,338,443,with_mask,36,124,274,362
479-with-mask.jpg,320,428,with_mask,66,148,267,379
480-with-mask.jpg,313,443,with_mask,43,161,254,387
481-with-mask.jpg,225,225,with_mask,48,78,176,217
masked (10).jpg,100,150,with_mask,0,17,98,145
masked (11).jpg,245,456,with_mask,17,79,243,399
masked (1257).jpg,800,480,with_mask,242,73,597,459
masked (1258).jpg,1000,1000,with_mask,179,231,724,894
masked (1259).jpg,1000,1000,with_mask,154,67,737,720
masked (1260).jpg,666,1000,with_mask,122,184,571,836
masked (1261).jpg,1000,1000,with_mask,124,63,861,689
masked (1263).jpg,4912,3264,with_mask,1471,855,2992,2535
masked (1264).jpg,760,1000,with_mask,195,87,609,556
masked (1264).jpg,760,1000,with_mask,83,700,303,946
masked (1264).jpg,760,1000,with_mask,464,679,709,919
masked (1265).jpg,1000,1000,with_mask,135,237,744,839
masked (1266).jpg,800,1000,with_mask,226,236,666,742
masked (1267).jpg,1000,1000,with_mask,265,142,730,687
masked (1268).jpg,1000,1500,with_mask,170,77,890,919
masked (1269).jpg,826,975,with_mask,314,231,658,678
masked (1270).jpg,1100,1100,with_mask,267,366,775,927
masked (1271).jpg,606,597,with_mask,180,166,404,417
masked (1272).jpg,800,800,with_mask,263,121,486,374
masked (1273).jpg,700,700,with_mask,210,163,475,490
masked (1274).jpg,1002,1002,with_mask,270,233,582,630
masked (1275).jpg,4912,3264,with_mask,1456,829,3371,2952
masked (1276).jpg,600,600,with_mask,140,67,473,542
masked (1277).jpg,1000,1000,with_mask,99,231,692,878
masked (1278).jpg,500,682,with_mask,144,140,382,390
masked (1279).jpg,350,354,with_mask,96,111,261,288
masked (1280).jpg,800,1000,with_mask,260,220,623,679
masked (1281).jpg,600,600,with_mask,239,182,428,443
masked (1282).jpg,1500,1500,with_mask,480,412,1148,1172
masked (1283).jpg,1200,1218,with_mask,293,297,878,999
masked (1284).jpg,500,500,with_mask,109,161,395,489
masked (1285).jpg,500,708,with_mask,115,178,377,489
masked (1286).jpg,1500,1500,with_mask,399,298,1157,1135
masked (1287).jpg,1000,1000,with_mask,116,98,891,936
masked (1288).jpg,650,650,with_mask,144,165,492,569
masked (1289).jpg,1500,1500,with_mask,446,405,1068,1033
masked (1290).jpg,600,600,with_mask,131,78,478,492
masked (1291).jpg,826,975,with_mask,270,184,636,608
masked (1292).jpg,800,800,with_mask,359,187,690,554
masked (1293).jpg,1000,1000,with_mask,283,241,707,822
masked (1296).jpg,1200,1200,with_mask,202,182,947,1163
masked (1297).jpg,1920,1080,with_mask,654,279,1265,835
masked (1298).jpg,600,600,with_mask,122,33,492,585
masked (1299).jpg,2862,3567,with_mask,464,554,2136,2631
masked (1300).jpg,718,1077,with_mask,221,92,569,686
masked (1301).jpg,1000,1000,with_mask,254,197,670,726
masked (1302).jpg,1024,1024,with_mask,199,284,679,909
masked (1303).jpg,600,600,with_mask,218,150,435,437
masked (1304).jpg,1000,1000,with_mask,214,245,774,862
masked (1305).jpg,1500,1500,with_mask,440,334,1292,1155
masked (1306).jpg,2015,2081,with_mask,510,579,1564,1579
masked (1307).jpg,1000,1000,with_mask,171,153,773,784
masked (1308).jpg,903,903,with_mask,221,182,696,775
masked (1309).jpg,800,800,with_mask,239,190,559,537
masked (1310).jpg,1000,1000,with_mask,315,202,864,857
masked (1311).jpg,724,1000,with_mask,73,210,631,956
masked (1312).jpg,1924,2922,with_mask,242,430,1642,2278
masked (1313).jpg,4734,5412,with_mask,1318,718,3714,3389
masked (1314).jpg,2000,2000,with_mask,627,355,1523,1527
masked (1315).jpg,1500,1500,with_mask,426,269,1191,1169
masked (1316).jpg,1000,1000,with_mask,263,241,728,857
masked (1317).jpg,960,960,with_mask,249,181,721,753
masked (1318).jpg,800,800,with_mask,68,3,711,717
masked (1319).jpg,1500,1500,with_mask,359,332,1125,1196
masked (1320).jpg,741,742,with_mask,200,223,615,606
masked (1321).jpg,850,995,with_mask,235,140,620,645
masked (1322).jpg,2952,3370,with_mask,665,425,1981,2328
masked (1323).jpg,2102,3152,with_mask,697,872,1345,1642
masked (1324).jpg,1000,1000,with_mask,152,302,707,961
masked (1325).jpg,1200,1200,with_mask,500,357,888,794
masked (1326).jpg,467,700,with_mask,86,134,374,494
masked (1327).jpg,1010,1010,with_mask,427,227,940,890
masked (1328).jpg,500,500,with_mask,241,118,438,364
masked (1329).jpg,1025,1025,with_mask,272,310,673,769
masked (1330).jpg,800,800,with_mask,206,100,552,458
masked (1331).jpg,298,281,with_mask,88,46,239,226
masked (1332).jpg,2015,2081,with_mask,545,535,1552,1575
masked (1333).jpg,1500,1500,with_mask,554,291,1161,1133
masked (1334).jpg,2882,3210,with_mask,658,701,2001,2425
masked (1335).jpg,500,500,with_mask,86,127,440,477
masked (1336).jpg,439,701,with_mask,84,141,361,518
masked (1337).jpg,2225,3337,with_mask,818,826,1480,1355
masked (1338).jpg,438,438,with_mask,135,131,326,367
masked (1339).jpg,1280,720,with_mask,265,147,602,540
masked (1340).jpg,1000,1000,with_mask,276,304,739,855
masked (1341).jpg,800,800,with_mask,125,181,552,634
masked (1342).jpg,820,820,with_mask,242,230,577,602
masked (1343).jpg,500,682,with_mask,155,129,363,381
masked (1344).jpg,800,800,with_mask,246,129,501,410
masked (1345).jpg,1001,1001,with_mask,214,187,815,928
masked (1346).jpg,700,467,with_mask,117,159,343,388
masked (1347).jpg,300,300,with_mask,68,65,221,249
masked (1348).jpg,950,950,with_mask,468,229,830,617
masked (1349).jpg,640,610,with_mask,188,171,427,479
masked (1350).jpg,320,213,with_mask,106,14,305,208
masked (1351).jpg,600,400,with_mask,215,93,356,268
masked (1352).jpg,700,900,with_mask,251,192,544,500
masked (1353).jpg,300,300,with_mask,55,55,221,239
masked (1354).jpg,1280,720,with_mask,445,189,829,568
masked (1355).jpg,1024,1024,with_mask,271,111,759,815
masked (1356).jpg,1000,1000,with_mask,294,153,525,419
masked (1357).jpg,400,400,with_mask,93,23,376,370
masked (1358).jpg,900,900,with_mask,138,225,733,891
masked (1359).jpg,1000,1000,with_mask,105,166,685,956
masked (1359).jpg,1000,1000,with_mask,713,0,993,291
masked (1360).jpg,4912,3264,with_mask,1156,992,3784,3094
masked (1361).jpg,1200,1200,with_mask,312,328,814,953
masked (1362).jpg,400,400,with_mask,165,89,291,251
masked (1363).jpg,3086,3086,with_mask,930,679,2291,2312
masked (1364).jpg,1280,853,with_mask,279,40,969,785
masked (1365).jpg,1200,800,with_mask,286,129,726,644
masked (1366).jpg,750,750,with_mask,234,243,547,621
masked (1367).jpg,3000,3000,with_mask,796,975,2215,2393
masked (1368).jpg,1000,1000,with_mask,139,119,361,399
masked (1368).jpg,1000,1000,with_mask,616,118,849,402
masked (1368).jpg,1000,1000,with_mask,643,645,868,915
masked (1368).jpg,1000,1000,with_mask,129,637,359,935
masked (1369).jpg,1200,1200,with_mask,316,275,821,733
masked (1370).jpg,1001,1001,with_mask,76,265,424,735
masked (1371).jpg,800,800,with_mask,178,204,561,579
masked (1372).jpg,800,800,with_mask,106,305,336,537
masked (1372).jpg,800,800,with_mask,375,152,641,415
masked (1373).jpg,640,480,with_mask,202,71,404,337
masked (1375).jpg,1500,1500,with_mask,777,347,1355,1038
masked (1376).jpg,1280,720,with_mask,232,244,618,689
masked (1377).jpg,1200,1200,with_mask,325,97,818,658
masked (1378).jpg,540,640,with_mask,114,101,350,367
masked (1379).jpg,1200,1200,with_mask,152,137,406,429
masked (1379).jpg,1200,1200,with_mask,177,768,405,1019
masked (1379).jpg,1200,1200,with_mask,508,242,969,772
masked (1380).jpg,1280,720,with_mask,660,186,1151,707
masked (1381).jpg,820,820,with_mask,269,213,617,571
masked (1382).jpg,1000,1000,with_mask,47,6,529,482
masked (1383).jpg,1364,1364,with_mask,250,260,1027,1264
masked (1384).jpg,1200,1200,with_mask,256,163,883,813
masked (1385).jpg,458,458,with_mask,126,114,325,340
masked (1386).jpg,2798,3111,with_mask,742,840,1996,2260
masked (1387).jpg,800,800,with_mask,86,135,461,647
masked (1388).jpg,1500,1500,with_mask,392,286,1140,1116
masked (1389).jpg,1200,1200,with_mask,359,165,838,749
masked (1390).jpg,240,300,with_mask,52,79,202,234
masked (1391).jpg,850,995,with_mask,233,272,723,862
masked (1392).jpg,850,995,with_mask,260,320,597,671
masked (1393).jpg,800,800,with_mask,259,165,606,611
masked (1394).jpg,800,800,with_mask,245,160,759,787
masked (1395).jpg,850,995,with_mask,67,117,786,872
masked (1396).jpg,1500,1500,with_mask,380,131,1122,934
masked (1397).jpg,620,726,with_mask,123,200,525,666
masked (1398).jpg,815,800,with_mask,85,135,422,687
masked (1398).jpg,815,800,with_mask,435,300,799,792
masked (1399).jpg,1000,1000,with_mask,78,6,850,894
masked (1400).jpg,346,349,with_mask,78,84,215,242
masked (1401).jpg,780,520,with_mask,282,167,497,377
masked (1402).jpg,2048,1536,with_mask,129,186,1385,1463
masked (1403).jpg,1368,1026,with_mask,501,162,1095,753
masked (1404).jpg,576,1024,with_mask,140,197,543,664
masked (1405).jpg,635,475,with_mask,153,113,479,461
masked (1406).jpg,1100,619,with_mask,360,99,757,484
masked (1407).jpg,600,586,with_mask,100,131,450,537
masked (1408).jpg,600,336,with_mask,87,63,409,324
masked (1409).jpg,800,800,with_mask,308,139,584,482
masked (1410).jpg,830,830,with_mask,359,190,731,568
masked (1411).jpg,1060,810,with_mask,320,162,764,698
masked (1412).jpg,983,1236,with_mask,23,38,941,1220
masked (1413).jpg,1280,1057,with_mask,696,201,1035,619
masked (1414).jpg,1060,810,with_mask,28,9,807,785
masked (1415).jpg,960,960,with_mask,303,178,821,897
masked (1416).jpg,634,392,with_mask,251,81,407,237
masked (1417).jpg,499,321,with_mask,62,7,395,314
masked (1418).jpg,860,571,with_mask,270,223,398,358
masked (1419).jpg,490,734,with_mask,33,195,377,558
masked (1420).jpg,800,800,with_mask,100,77,716,740
masked (1421).jpg,1068,623,with_mask,351,109,539,322
masked (1422).jpg,805,600,with_mask,268,90,445,291
masked (1423).jpg,620,726,with_mask,119,186,508,669
masked (1424).jpg,800,800,with_mask,295,212,556,516
masked (1425).jpg,400,400,with_mask,55,65,195,255
masked (1425).jpg,400,400,with_mask,230,108,358,266
masked (1426).jpg,1100,619,with_mask,390,70,722,455
masked (1427).jpg,1000,1000,with_mask,134,135,864,899
masked (1428).jpg,1000,1000,with_mask,402,393,760,805
masked (1428).jpg,1000,1000,with_mask,136,339,403,766
masked (1429).jpg,1280,720,with_mask,698,177,1178,697
masked (1430).jpg,600,501,with_mask,222,94,412,321
masked (1431).jpg,5760,3272,with_mask,2079,1667,3052,2705
masked (1432).jpg,1060,810,with_mask,209,190,879,806
masked (1433).jpg,635,475,with_mask,238,96,485,453
masked (1434).jpg,2200,1550,with_mask,578,35,1612,1264
masked (1435).jpg,1000,1000,with_mask,260,310,722,789
masked (1436).jpg,800,800,with_mask,306,198,572,513
masked (1437).jpg,1100,734,with_mask,391,212,701,542
masked (1438).jpg,1060,810,with_mask,278,230,727,714
masked (1439).jpg,643,482,with_mask,356,127,507,310
masked (1440).jpg,1000,1000,with_mask,203,72,717,713
masked (1441).jpg,805,600,with_mask,263,98,455,282
masked (1442).jpg,2500,1876,with_mask,532,640,1157,1381
masked (1443).jpg,1000,1000,with_mask,46,173,670,959
masked (1444).jpg,800,800,with_mask,212,164,604,661
masked (1445).jpg,2463,1642,with_mask,317,499,997,1275
masked (1446).jpg,1024,1024,with_mask,215,276,671,770
masked (1447).jpg,1060,810,with_mask,167,7,809,774
masked (1448).jpg,620,726,with_mask,110,169,523,646
masked (1449).jpg,500,500,with_mask,204,123,490,414
masked (1450).jpg,1024,768,with_mask,371,175,638,462
masked (1451).jpg,1300,1001,with_mask,639,118,861,349
masked (1452).jpg,1280,720,with_mask,188,73,364,291
masked (1452).jpg,1280,720,with_mask,864,52,1067,286
masked (1452).jpg,1280,720,with_mask,988,372,1108,518
masked (1453).jpg,1200,800,with_mask,9,216,358,642
masked (1453).jpg,1200,800,with_mask,416,226,752,651
masked (1453).jpg,1200,800,with_mask,811,177,1168,630
masked (1454).jpg,660,440,with_mask,236,98,333,222
masked (1454).jpg,660,440,with_mask,475,106,582,255
masked (1454).jpg,660,440,with_mask,269,283,376,431
masked (1455).jpg,1600,900,with_mask,425,266,652,511
masked (1455).jpg,1600,900,with_mask,590,112,787,332
masked (1456).jpg,1334,890,with_mask,466,171,881,609
masked (1457).jpg,1920,1080,with_mask,610,118,1351,866
masked (1458).jpg,1000,1000,with_mask,239,268,751,786
masked (1459).jpg,530,405,with_mask,217,102,508,401
masked (1460).jpg,620,387,with_mask,370,80,478,182
masked (1461).jpg,550,362,with_mask,92,2,423,324
masked (1462).jpg,1920,1080,with_mask,733,354,1130,753
masked (1463).jpg,1280,720,with_mask,218,122,682,682
masked (1464).jpg,800,800,with_mask,228,230,578,588
masked (1465).jpg,320,320,with_mask,54,112,245,314
masked (1466).jpg,500,500,with_mask,26,246,247,492
masked (1466).jpg,500,500,with_mask,287,162,499,427
masked (1467).jpg,1280,720,with_mask,363,47,872,586
masked (1468).jpg,620,726,with_mask,233,165,467,533
masked (1469).jpg,800,800,with_mask,124,150,555,761
masked (1470).jpg,1300,1017,with_mask,561,225,725,394
masked (1471).jpg,440,587,with_mask,188,206,402,476
masked (1472).jpg,1000,1000,with_mask,236,252,767,750
masked (1473).jpg,700,467,with_mask,267,151,367,303
masked (1473).jpg,700,467,without_mask,392,187,459,294
masked (1474).jpg,1280,720,with_mask,679,187,965,427
masked (1475).jpg,1066,1600,with_mask,482,308,653,582
masked (1476).jpg,600,450,with_mask,213,96,517,441
masked (1477).jpg,564,423,with_mask,99,55,182,137
masked (1477).jpg,564,423,without_mask,422,47,508,156
masked (1477).jpg,564,423,without_mask,35,42,96,127
masked (1478).jpg,1334,890,with_mask,470,171,887,587
masked (1479).jpg,850,995,with_mask,192,177,742,916
masked (1480).jpg,800,800,with_mask,58,296,384,662
masked (1480).jpg,800,800,with_mask,442,203,776,625
masked (1481).jpg,1200,1200,with_mask,343,407,735,941
masked (1482).jpg,956,875,with_mask,514,249,833,685
masked (1483).jpg,1024,576,with_mask,586,109,927,504
masked (1484).jpg,500,500,with_mask,54,62,257,336
masked (1484).jpg,500,500,with_mask,294,101,477,398
masked (1485).jpg,1200,800,with_mask,360,19,976,652
masked (1486).jpg,736,919,with_mask,148,142,648,828
masked (1487).jpg,487,500,with_mask,65,72,481,474
masked (1488).jpg,620,350,with_mask,231,62,464,343
masked (1489).jpg,1200,797,with_mask,205,69,836,784
masked (1490).jpg,1200,1218,with_mask,330,404,942,1044
masked (1491).jpg,301,345,with_mask,12,85,219,331
masked (1492).jpg,350,350,with_mask,40,57,339,338
masked (1493).jpg,450,675,with_mask,122,200,419,553
masked (1494).jpg,800,600,with_mask,325,139,503,343
masked (1495).jpg,1280,720,with_mask,75,147,249,308
masked (1495).jpg,1280,720,with_mask,437,205,620,393
masked (1495).jpg,1280,720,with_mask,58,372,267,630
masked (1495).jpg,1280,720,with_mask,715,181,1080,513
masked (1496).jpg,1000,1000,with_mask,48,16,920,961
masked (1497).jpg,1671,2511,with_mask,838,637,1590,1743
masked (1498).jpg,800,800,with_mask,10,209,287,568
masked (1499).jpg,956,875,with_mask,460,220,825,675
masked (1500).jpg,652,405,with_mask,221,117,406,317
masked (1501).jpg,800,600,with_mask,414,165,577,366
masked (1502).jpg,1536,768,with_mask,402,8,1168,753
masked (1503).jpg,270,214,with_mask,15,0,216,213
masked (1504).jpg,900,450,with_mask,393,70,489,164
masked (1505).jpg,1200,675,with_mask,558,131,700,276
masked (1505).jpg,1200,675,with_mask,422,93,536,249
masked (1506).jpg,976,550,with_mask,365,152,614,454
masked (1507).jpg,768,384,with_mask,433,129,588,275
masked (1508).jpg,1300,957,with_mask,397,105,768,586
masked (1509).jpg,768,384,with_mask,314,103,493,324
masked (1510).jpg,960,540,with_mask,31,197,228,421
masked (1510).jpg,960,540,with_mask,325,286,506,508
masked (1510).jpg,960,540,with_mask,755,383,929,536
masked (1510).jpg,960,540,with_mask,677,0,843,118
masked (1510).jpg,960,540,with_mask,809,175,951,346
masked (1511).jpg,500,500,with_mask,155,123,373,378
masked (1512).jpg,1024,679,with_mask,416,186,662,455
masked (1513).jpg,768,384,with_mask,310,102,513,331
masked (1514).jpg,470,500,with_mask,125,105,397,440
masked (1515).jpg,1180,664,with_mask,410,273,875,658
masked (1516).jpg,1024,682,with_mask,365,203,656,527
masked (1517).jpg,800,800,with_mask,196,262,618,730
masked (1518).jpg,700,400,with_mask,321,106,462,253
masked (1519).jpg,1365,1500,with_mask,374,240,988,1077
masked (1520).jpg,1280,720,with_mask,519,193,796,512
masked (1521).jpg,650,400,with_mask,384,155,522,303
masked (1522).jpg,205,250,with_mask,61,59,151,175
masked (1523).jpg,848,354,with_mask,11,38,150,171
masked (1523).jpg,848,354,with_mask,263,118,413,262
masked (1523).jpg,848,354,with_mask,545,50,691,213
masked (1524).jpg,740,494,with_mask,369,107,519,272
masked (1525).jpg,1024,683,with_mask,443,261,549,372
masked (1526).jpg,952,516,with_mask,369,161,595,435
masked (1527).jpg,357,349,with_mask,121,71,244,218
masked (1528).jpg,1000,1000,with_mask,536,106,702,297
masked (1529).jpg,962,700,with_mask,425,300,551,432
masked (1529).jpg,962,700,with_mask,109,200,182,302
masked (1529).jpg,962,700,without_mask,846,238,930,353
masked (1530).jpg,2524,1812,with_mask,1193,662,1496,1023
masked (1531).jpg,645,435,with_mask,339,86,436,213
masked (1532).jpg,1280,720,with_mask,824,189,1216,629
masked (1533).jpg,1199,800,with_mask,383,354,624,636
masked (1533).jpg,1199,800,with_mask,627,453,833,710
masked (1534).jpg,700,525,with_mask,295,158,562,406
masked (1535).jpg,1280,720,with_mask,184,142,267,250
masked (1535).jpg,1280,720,with_mask,591,20,696,123
masked (1535).jpg,1280,720,with_mask,1126,171,1240,302
masked (1535).jpg,1280,720,with_mask,620,244,756,405
masked (1536).jpg,875,583,with_mask,308,94,379,198
masked (1536).jpg,875,583,with_mask,607,136,688,223
masked (1536).jpg,875,583,without_mask,55,122,142,238
masked (1536).jpg,875,583,without_mask,788,203,862,308
masked (1537).jpg,1100,619,with_mask,523,234,602,335
masked (1537).jpg,1100,619,with_mask,129,315,188,391
masked (1537).jpg,1100,619,with_mask,739,381,804,457
masked (1538).jpg,1080,1920,with_mask,311,590,1007,1410
masked (1539).jpg,640,480,with_mask,350,107,531,328
masked (1540).jpg,1200,587,with_mask,584,181,705,286
masked (1540).jpg,1200,587,with_mask,933,111,1076,231
masked (1540).jpg,1200,587,with_mask,706,351,834,472
masked (1541).jpg,749,499,with_mask,41,100,201,243
masked (1541).jpg,749,499,with_mask,297,61,453,234
masked (1541).jpg,749,499,with_mask,528,89,717,239
masked (1541).jpg,749,499,with_mask,516,328,690,493
masked (1541).jpg,749,499,with_mask,304,317,444,473
masked (1541).jpg,749,499,with_mask,49,312,208,461
masked (1542).jpg,1066,1600,with_mask,486,308,643,582
masked (1543).jpg,1191,489,with_mask,341,151,484,304
masked (1543).jpg,1191,489,with_mask,644,145,824,335
masked (1543).jpg,1191,489,with_mask,495,282,657,447
masked (1544).jpg,1280,720,with_mask,445,198,828,561
masked (1545).jpg,736,616,with_mask,220,161,362,335
masked (1545).jpg,736,616,with_mask,479,197,613,370
masked (1546).jpg,400,400,with_mask,139,65,295,258
masked (1547).jpg,300,300,with_mask,30,35,148,190
masked (1548).jpg,2364,2365,with_mask,1120,577,1725,1622
masked (1549).jpg,615,409,with_mask,25,58,103,137
masked (1549).jpg,615,409,with_mask,229,107,289,175
masked (1549).jpg,615,409,with_mask,462,187,544,274
masked (1549).jpg,615,409,with_mask,295,216,423,345
masked (1549).jpg,615,409,with_mask,91,240,236,367
masked (1549).jpg,615,409,with_mask,199,58,232,97
masked (1549).jpg,615,409,without_mask,485,42,559,132
masked (1549).jpg,615,409,with_mask,574,59,614,148
masked (1549).jpg,615,409,with_mask,580,70,614,153
masked (1550).jpg,1500,977,with_mask,733,150,1044,453
masked (1551).jpg,419,276,with_mask,135,62,318,240
masked (1552).jpg,1060,810,with_mask,275,224,745,726
masked (1553).jpg,3500,2334,with_mask,220,1586,444,1824
masked (1553).jpg,3500,2334,with_mask,1357,1392,1579,1672
masked (1553).jpg,3500,2334,with_mask,2081,1422,2300,1694
masked (1553).jpg,3500,2334,with_mask,1649,1452,1909,1793
masked (1553).jpg,3500,2334,with_mask,2670,1486,2884,1811
masked (1553).jpg,3500,2334,with_mask,3234,1467,3450,1800
masked (1553).jpg,3500,2334,with_mask,785,1418,1010,1706
masked (1554).jpg,1024,576,with_mask,15,105,390,571
masked (1554).jpg,1024,576,with_mask,415,151,785,442
masked (1555).jpg,600,413,with_mask,173,132,219,177
masked (1555).jpg,600,413,with_mask,495,166,535,207
masked (1555).jpg,600,413,with_mask,335,247,360,278
masked (1555).jpg,600,413,with_mask,266,230,288,261
masked (1556).jpg,759,422,with_mask,195,142,287,238
masked (1556).jpg,759,422,with_mask,294,125,411,237
masked (1556).jpg,759,422,with_mask,451,122,544,245
masked (1557).jpg,850,995,with_mask,189,296,691,924
masked (1558).jpg,218,218,with_mask,30,64,132,190
masked (1559).jpg,1100,619,with_mask,302,130,631,412
masked (1560).jpg,553,369,with_mask,230,62,320,161
masked (1560).jpg,553,369,with_mask,229,29,313,172
masked (1561).jpg,634,425,with_mask,168,78,261,167
masked (1561).jpg,634,425,with_mask,449,61,533,160
masked (1562).jpg,1190,595,with_mask,293,3,956,589
masked (1563).jpg,700,700,with_mask,114,83,576,588
masked (1564).jpg,350,350,with_mask,70,61,280,334
masked (1565).jpg,800,800,with_mask,8,199,304,581
masked (1566).jpg,2048,1536,with_mask,534,198,1398,1342
masked (1567).jpg,500,333,with_mask,250,56,359,158
masked (1568).jpg,1280,720,with_mask,583,257,878,583
masked (1569).jpg,647,404,with_mask,230,37,471,296
masked (1570).jpg,1024,576,with_mask,352,230,490,370
masked (1570).jpg,1024,576,with_mask,455,79,550,168
masked (1570).jpg,1024,576,with_mask,595,95,696,198
masked (1570).jpg,1024,576,with_mask,743,81,818,160
masked (1570).jpg,1024,576,with_mask,789,207,871,304
masked (1570).jpg,1024,576,with_mask,950,111,1021,201
masked (1570).jpg,1024,576,with_mask,1,71,81,174
masked (1570).jpg,1024,576,with_mask,203,82,292,192
masked (1570).jpg,1024,576,with_mask,81,194,181,304
masked (1571).jpg,800,800,with_mask,104,182,420,653
masked (1571).jpg,800,800,with_mask,463,355,757,693
masked (1572).jpg,1200,630,with_mask,254,23,831,570
masked (1573).jpg,620,348,with_mask,80,70,270,308
masked (1574).jpg,780,350,with_mask,120,111,247,247
masked (1574).jpg,780,350,with_mask,330,188,475,313
masked (1574).jpg,780,350,with_mask,521,155,651,281
masked (1575).jpg,530,405,with_mask,222,122,494,402
masked (1576).jpg,1000,1000,with_mask,112,27,873,771
masked (1577).jpg,800,800,with_mask,257,201,588,569
masked (1578).jpg,667,1000,with_mask,235,389,466,661
masked (1579).jpg,1100,619,with_mask,511,202,702,463
masked (1580).jpg,1280,720,with_mask,280,149,519,428
masked (1581).jpg,1000,1000,with_mask,377,216,727,631
masked (1582).jpg,672,504,with_mask,241,146,342,285
masked (1582).jpg,672,504,with_mask,446,168,556,313
masked (1583).jpg,1300,1390,with_mask,535,458,806,766
masked (1584).jpg,500,500,with_mask,110,88,362,399
masked (1585).jpg,1280,720,with_mask,330,189,723,660
masked (1586).jpg,1160,774,with_mask,258,82,938,746
masked (1587).jpg,1280,720,with_mask,107,101,485,539
masked (1587).jpg,1280,720,with_mask,858,126,1189,516
masked (1588).jpg,1200,800,with_mask,538,22,812,305
masked (1589).jpg,900,600,with_mask,441,119,789,552
masked (1590).jpg,1024,683,with_mask,406,185,620,413
masked (1591).jpg,475,630,with_mask,44,196,388,554
masked (1592).jpg,1600,998,with_mask,499,218,902,707
masked (1593).jpg,648,326,with_mask,79,3,460,319
masked (1594).jpg,800,600,with_mask,44,149,114,214
masked (1594).jpg,800,600,with_mask,176,75,256,158
masked (1594).jpg,800,600,with_mask,328,115,410,198
masked (1594).jpg,800,600,with_mask,564,67,696,196
masked (1595).jpg,800,450,with_mask,432,42,642,292
masked (1596).jpg,1600,1143,with_mask,385,310,1339,1139
masked (1597).jpg,1280,720,with_mask,590,319,791,535
masked (1597).jpg,1280,720,with_mask,450,290,567,434
masked (1597).jpg,1280,720,with_mask,61,344,264,552
masked (1597).jpg,1280,720,with_mask,1140,251,1242,366
masked (1597).jpg,1280,720,with_mask,953,227,1036,322
masked (1597).jpg,1280,720,with_mask,819,256,906,351
masked (1597).jpg,1280,720,with_mask,609,153,659,236
masked (1598).jpg,1200,800,with_mask,414,230,850,695
masked (1599).jpg,1200,675,with_mask,494,218,754,526
masked (1599).jpg,1200,675,with_mask,108,297,343,516
masked (1600).jpg,1280,720,with_mask,570,215,770,410
masked (1601).jpg,2560,1440,with_mask,939,447,1802,1288
masked (1602).jpg,540,405,with_mask,86,5,451,385
masked (1603).jpg,696,313,with_mask,242,61,431,284
masked (1604).jpg,744,389,with_mask,320,59,547,327
masked (1605).jpg,1600,900,with_mask,78,205,272,383
masked (1605).jpg,1600,900,with_mask,648,107,800,253
masked (1605).jpg,1600,900,with_mask,1236,198,1441,381
masked (1605).jpg,1600,900,with_mask,300,173,414,292
masked (1605).jpg,1600,900,with_mask,481,215,560,288
masked (1606).jpg,1024,576,with_mask,243,192,499,473
masked (1607).jpg,615,769,with_mask,21,272,295,503
masked (1608).jpg,1280,720,with_mask,581,40,1056,650
masked (1609).jpg,500,500,with_mask,100,258,279,461
masked (1609).jpg,500,500,with_mask,270,139,452,339
masked (1610).jpg,500,334,with_mask,34,45,127,148
masked (1610).jpg,500,334,with_mask,216,59,282,113
masked (1610).jpg,500,334,with_mask,411,85,482,155
masked (1610).jpg,500,334,with_mask,222,144,302,235
masked (1611).jpg,1024,789,with_mask,151,222,516,654
masked (1612).jpg,1500,750,with_mask,555,152,678,285
masked (1613).jpg,2000,1333,with_mask,780,278,1134,636
masked (1614).jpg,1440,907,with_mask,290,42,665,447
masked (1614).jpg,1440,907,with_mask,856,135,1169,462
masked (1615).jpg,634,973,with_mask,168,237,408,527
masked (1616).jpg,2000,1250,with_mask,634,285,1484,1138
masked (1617).jpg,1024,977,with_mask,372,183,685,554
masked (1618).jpg,928,523,with_mask,161,98,322,239
masked (1618).jpg,928,523,with_mask,596,109,810,341
masked (1619).jpg,490,387,with_mask,157,131,276,267
masked (1620).jpg,1200,800,with_mask,403,216,868,678
masked (1621).jpg,750,445,with_mask,149,42,572,424
masked (1622).jpg,867,650,with_mask,217,84,741,646
masked (1623).jpg,780,439,with_mask,177,21,663,435
masked (1624).jpg,1280,720,with_mask,152,240,258,362
masked (1624).jpg,1280,720,with_mask,307,188,410,301
masked (1624).jpg,1280,720,with_mask,670,132,815,307
masked (1624).jpg,1280,720,with_mask,997,159,1111,313
masked (1625).jpg,730,410,with_mask,104,4,596,406
masked (1626).jpg,660,880,with_mask,304,186,451,420
masked (1627).jpg,1024,578,with_mask,271,180,363,282
masked (1627).jpg,1024,578,with_mask,435,158,520,251
masked (1627).jpg,1024,578,with_mask,663,138,764,253
masked (1627).jpg,1024,578,with_mask,942,100,1022,230
masked (1628).jpg,964,979,with_mask,429,289,856,799
masked (1629).jpg,2000,1156,with_mask,392,130,670,450
masked (1629).jpg,2000,1156,with_mask,924,231,1216,493
masked (1629).jpg,2000,1156,with_mask,1340,196,1636,501
masked (1630).jpg,800,533,with_mask,237,178,375,354
masked (1630).jpg,800,533,with_mask,523,100,708,341
masked (1631).jpg,460,276,with_mask,261,45,331,113
masked (1631).jpg,460,276,with_mask,145,114,223,190
masked (1631).jpg,460,276,with_mask,4,195,89,274
masked (1631).jpg,460,276,with_mask,29,27,84,83
masked (1631).jpg,460,276,with_mask,135,33,187,80
masked (1632).jpg,1280,720,with_mask,290,33,373,114
masked (1632).jpg,1280,720,with_mask,64,106,143,185
masked (1632).jpg,1280,720,with_mask,8,553,103,664
masked (1632).jpg,1280,720,with_mask,111,483,207,583
masked (1632).jpg,1280,720,with_mask,188,419,256,513
masked (1632).jpg,1280,720,with_mask,305,229,387,321
masked (1632).jpg,1280,720,with_mask,600,174,679,259
masked (1632).jpg,1280,720,with_mask,783,234,864,315
masked (1632).jpg,1280,720,with_mask,439,601,531,710
masked (1632).jpg,1280,720,with_mask,682,518,774,617
masked (1632).jpg,1280,720,with_mask,622,454,684,533
masked (1632).jpg,1280,720,with_mask,806,36,880,121
masked (1632).jpg,1280,720,with_mask,924,25,998,122
masked (1632).jpg,1280,720,with_mask,1026,2,1093,48
masked (1632).jpg,1280,720,with_mask,1102,104,1184,185
masked (1632).jpg,1280,720,with_mask,1148,364,1239,454
masked (1632).jpg,1280,720,with_mask,579,37,663,117
masked (1632).jpg,1280,720,without_mask,88,191,182,306
masked (1633).jpg,1921,1201,with_mask,497,128,1365,1127
masked (1634).jpg,800,450,with_mask,327,93,638,442
masked (1635).jpg,1200,800,with_mask,648,91,805,288
masked (1636).jpg,1200,675,with_mask,517,186,680,347
masked (1637).jpg,1074,1089,with_mask,170,297,659,842
masked (1638).jpg,750,445,with_mask,116,103,299,326
masked (1639).jpg,600,600,with_mask,218,186,461,525
masked (1640).jpg,1600,900,with_mask,345,99,427,196
masked (1640).jpg,1600,900,with_mask,548,170,636,253
masked (1640).jpg,1600,900,with_mask,329,307,456,431
masked (1640).jpg,1600,900,with_mask,832,230,958,364
masked (1640).jpg,1600,900,with_mask,1139,237,1281,358
masked (1641).jpg,800,474,with_mask,40,9,368,390
masked (1642).jpg,634,478,with_mask,207,130,291,204
masked (1642).jpg,634,478,with_mask,460,33,529,97
masked (1642).jpg,634,478,without_mask,421,48,458,109
masked (1643).jpg,950,460,with_mask,76,47,541,454
masked (1643).jpg,950,460,with_mask,632,37,874,353
masked (1644).jpg,750,445,with_mask,108,43,366,337
masked (1645).jpg,1280,720,with_mask,391,243,833,680
masked (1646).jpg,800,480,with_mask,75,112,176,212
masked (1646).jpg,800,480,with_mask,269,159,372,260
masked (1646).jpg,800,480,with_mask,619,107,741,222
masked (1647).jpg,840,560,with_mask,298,154,546,463
masked (1648).jpg,1500,1000,with_mask,204,281,744,841
masked (1649).jpg,750,886,with_mask,238,147,543,480
masked (1650).jpg,1168,657,with_mask,464,197,678,411
masked (1651).jpg,800,480,with_mask,134,3,657,470
masked (1652).jpg,1000,750,with_mask,407,156,561,319
masked (1653).jpg,800,420,with_mask,315,93,559,409
masked (1654).jpg,1200,798,with_mask,180,120,272,236
masked (1654).jpg,1200,798,with_mask,108,296,194,405
masked (1654).jpg,1200,798,with_mask,338,60,430,197
masked (1654).jpg,1200,798,with_mask,526,147,684,308
masked (1654).jpg,1200,798,with_mask,939,215,1030,317
masked (1654).jpg,1200,798,with_mask,856,287,934,380
masked (1655).jpg,800,450,with_mask,172,14,477,364
masked (1656).jpg,1024,1024,with_mask,363,250,698,642
masked (1657).jpg,540,405,with_mask,72,77,170,177
masked (1657).jpg,540,405,with_mask,232,127,317,218
masked (1657).jpg,540,405,with_mask,365,117,462,199
masked (1658).jpg,1200,1600,with_mask,390,468,1012,1343
masked (1659).jpg,1100,734,with_mask,313,108,535,344
masked (1659).jpg,1100,734,with_mask,678,91,745,165
masked (1659).jpg,1100,734,with_mask,900,115,959,176
masked (1660).jpg,950,550,with_mask,181,86,830,547
masked (1661).jpg,640,360,with_mask,472,18,590,127
masked (1662).jpg,615,410,with_mask,333,141,424,229
masked (1662).jpg,615,410,with_mask,247,197,308,285
masked (1663).jpg,975,649,with_mask,321,106,570,366
masked (1664).jpg,1088,725,with_mask,418,98,584,260
masked (1665).jpg,1168,657,with_mask,484,197,678,403
masked (1666).jpg,720,480,with_mask,293,68,392,177
masked (1667).jpg,1600,900,with_mask,508,212,630,375
masked (1667).jpg,1600,900,with_mask,830,305,952,431
masked (1667).jpg,1600,900,with_mask,1204,254,1353,425
masked (1668).jpg,1920,1080,with_mask,1171,186,1495,513
masked (1669).jpg,950,534,with_mask,540,50,846,431
masked (1670).jpg,760,533,with_mask,126,191,252,329
masked (1671).jpg,800,420,with_mask,307,112,552,408
masked (1672).jpg,768,525,with_mask,359,90,520,325
masked (1673).jpg,1088,778,with_mask,480,295,782,638
masked (1674).jpg,600,316,with_mask,83,84,121,125
masked (1674).jpg,600,316,with_mask,280,58,319,98
masked (1674).jpg,600,316,with_mask,235,63,266,97
masked (1674).jpg,600,316,with_mask,310,143,352,186
masked (1674).jpg,600,316,with_mask,436,59,475,98
masked (1674).jpg,600,316,with_mask,544,44,593,90
masked (1674).jpg,600,316,without_mask,125,26,165,80
masked (1675).jpg,306,395,with_mask,48,76,205,284
masked (1676).jpg,493,335,with_mask,323,145,468,305
masked (1676).jpg,493,335,with_mask,13,62,90,152
masked (1677).jpg,1800,1200,with_mask,815,285,1130,625
masked (1678).jpg,696,521,with_mask,240,123,500,444
masked (1680).jpg,625,415,with_mask,151,61,221,148
masked (1681).jpg,1024,576,with_mask,318,155,513,424
masked (1682).jpg,1024,542,with_mask,503,173,818,528
masked (1682).jpg,1024,542,with_mask,282,90,434,286
masked (1683).jpg,1088,778,with_mask,476,276,796,638
masked (1684).jpg,2222,1667,with_mask,868,142,2155,1645
masked (1685).jpg,600,316,with_mask,87,87,123,126
masked (1685).jpg,600,316,with_mask,285,50,320,95
masked (1685).jpg,600,316,with_mask,444,59,475,102
masked (1685).jpg,600,316,with_mask,312,151,354,187
masked (1685).jpg,600,316,with_mask,544,42,594,89
masked (1685).jpg,600,316,with_mask,235,64,266,98
masked (1686).jpg,700,467,with_mask,324,116,522,314
masked (1687).jpg,1200,800,with_mask,709,311,1035,715
masked (1687).jpg,1200,800,with_mask,229,163,556,515
masked (1688).jpg,950,633,with_mask,207,74,547,549
masked (1690).jpg,1200,630,with_mask,164,230,384,462
masked (1690).jpg,1200,630,with_mask,642,233,824,411
masked (1690).jpg,1200,630,with_mask,943,371,1135,541
masked (1691).jpg,1392,788,with_mask,609,181,975,603
masked (1692).jpg,1200,628,with_mask,398,33,806,445
masked (1693).jpg,493,335,with_mask,215,67,282,156
masked (1694).jpg,1000,559,with_mask,398,132,620,392
masked (1695).jpg,640,360,with_mask,113,8,503,355
masked (1696).jpg,1140,641,with_mask,622,42,949,405
masked (1697).jpg,2000,1000,with_mask,950,100,1496,708
masked (1698).jpg,2560,1920,with_mask,1538,80,2293,866
masked (1698).jpg,2560,1920,with_mask,1582,1093,2293,1777
masked (1698).jpg,2560,1920,with_mask,368,1068,998,1739
masked (1698).jpg,2560,1920,with_mask,296,155,931,832
masked (1699).jpg,660,440,with_mask,114,86,254,252
masked (1699).jpg,660,440,with_mask,362,89,460,197
masked (1699).jpg,660,440,with_mask,507,74,583,159
masked (1700).jpg,1296,972,with_mask,150,270,605,769
masked (1701).jpg,1420,800,with_mask,232,82,582,484
masked (1702).jpg,636,358,with_mask,69,119,229,279
masked (1702).jpg,636,358,with_mask,379,93,556,282
masked (1703).jpg,600,338,with_mask,424,120,481,165
masked (1703).jpg,600,338,with_mask,433,35,471,73
masked (1703).jpg,600,338,with_mask,361,60,397,97
masked (1703).jpg,600,338,with_mask,237,84,289,136
masked (1703).jpg,600,338,with_mask,114,90,174,136
masked (1861).jpg,211,118,with_mask,99,52,129,88
masked (1861).jpg,211,118,with_mask,71,46,93,73
masked (1861).jpg,211,118,with_mask,9,58,45,92
masked (1861).jpg,211,118,with_mask,190,41,209,63
masked (1862).jpg,275,183,with_mask,117,41,180,116
masked (1862).jpg,275,183,without_mask,16,38,75,118
masked (1862).jpg,275,183,without_mask,202,39,253,107
masked (1863).jpg,275,183,with_mask,183,31,226,82
masked (1863).jpg,275,183,with_mask,51,63,86,113
masked (1863).jpg,275,183,with_mask,86,56,117,90
masked (1864).jpg,275,183,with_mask,8,21,64,85
masked (1864).jpg,275,183,with_mask,77,19,131,79
masked (1864).jpg,275,183,with_mask,142,20,202,81
masked (1864).jpg,275,183,with_mask,210,19,271,81
masked (1864).jpg,275,183,with_mask,9,103,63,167
masked (1864).jpg,275,183,with_mask,214,98,266,161
masked (1865).jpg,284,177,with_mask,120,26,156,69
masked (1865).jpg,284,177,with_mask,179,33,228,77
masked (1866).jpg,300,168,with_mask,13,8,63,62
masked (1866).jpg,300,168,with_mask,86,11,135,67
masked (1866).jpg,300,168,with_mask,159,9,212,66
masked (1866).jpg,300,168,with_mask,238,8,290,62
masked (1866).jpg,300,168,with_mask,233,101,287,166
masked (1866).jpg,300,168,with_mask,163,99,210,164
masked (1866).jpg,300,168,with_mask,91,102,136,163
masked (1866).jpg,300,168,with_mask,12,102,59,166
masked (1867).jpg,296,170,with_mask,139,19,185,66
masked (1868).jpg,275,183,with_mask,84,34,224,175
masked (1869).jpg,300,168,with_mask,62,64,147,161
masked (1870).jpg,310,163,with_mask,91,40,137,92
masked (1870).jpg,310,163,with_mask,159,37,213,88
masked (1871).jpg,300,168,with_mask,102,60,186,141
masked (1872).jpg,275,183,with_mask,87,42,197,161
masked (1873).jpg,259,195,with_mask,53,48,159,158
masked (1874).jpg,259,194,with_mask,57,53,163,175
masked (1875).jpg,297,170,with_mask,96,53,180,139
masked (1876).jpg,225,225,with_mask,69,67,175,200
masked (1877).jpg,259,194,with_mask,98,39,182,133
masked (1878).jpg,225,225,with_mask,89,40,177,166
masked (1879).jpg,225,225,with_mask,42,78,140,196
masked (1880).jpg,183,275,with_mask,38,85,146,250
masked (1881).jpg,299,168,with_mask,68,5,246,166
masked (1882).jpg,276,183,with_mask,65,81,108,132
masked (1882).jpg,276,183,with_mask,193,66,234,118
masked (1883).jpg,259,194,with_mask,24,36,115,142
masked (1883).jpg,259,194,without_mask,154,4,188,55
masked (1883).jpg,259,194,without_mask,209,21,239,65
masked (1884).jpg,275,183,with_mask,131,57,222,161
masked (1885).jpg,318,159,with_mask,21,64,92,151
masked (1885).jpg,318,159,with_mask,178,42,255,125
masked (1886).jpg,275,183,with_mask,95,32,133,88
masked (1886).jpg,275,183,with_mask,135,28,172,89
masked (1887).jpg,216,233,with_mask,54,64,153,180
masked (1888).jpg,300,168,with_mask,60,53,137,142
masked (1888).jpg,300,168,with_mask,154,58,231,134
masked (1888).jpg,300,168,with_mask,234,52,298,133
masked (1889).jpg,265,190,with_mask,177,57,227,107
masked (1890).jpg,299,168,with_mask,47,23,165,156
masked (1891).jpg,276,183,with_mask,94,93,147,153
masked (1891).jpg,276,183,with_mask,230,22,263,63
masked (1891).jpg,276,183,with_mask,148,43,176,77
masked (1891).jpg,276,183,with_mask,175,104,234,169
masked (1891).jpg,276,183,with_mask,40,67,77,120
masked (1891).jpg,276,183,with_mask,2,37,24,71
masked (1891).jpg,276,183,with_mask,3,9,30,36
masked (1891).jpg,276,183,without_mask,31,18,64,58
masked (1892).jpg,275,183,with_mask,106,44,146,93
masked (1893).jpg,225,225,with_mask,27,21,87,101
masked (1893).jpg,225,225,with_mask,142,23,198,101
masked (1893).jpg,225,225,with_mask,141,136,196,210
masked (1893).jpg,225,225,with_mask,29,140,86,217
masked (1894).jpg,229,220,with_mask,5,46,106,195
masked (1894).jpg,229,220,with_mask,126,45,222,192
masked (1895).jpg,275,183,with_mask,122,52,146,79
masked (1896).jpg,275,183,with_mask,114,74,159,136
masked (1896).jpg,275,183,with_mask,179,103,214,148
masked (1897).jpg,259,194,with_mask,114,57,186,143
masked (1898).jpg,262,193,with_mask,140,44,188,104
masked (1899).jpg,294,171,with_mask,224,64,260,109
masked (1899).jpg,294,171,with_mask,183,53,214,93
masked (1899).jpg,294,171,with_mask,129,63,169,109
masked (1899).jpg,294,171,with_mask,46,48,69,77
masked (1899).jpg,294,171,with_mask,65,36,85,63
masked (1899).jpg,294,171,with_mask,4,48,26,76
masked (1899).jpg,294,171,with_mask,31,37,47,66
masked (1899).jpg,294,171,with_mask,94,38,113,61
masked (1900).jpg,176,287,with_mask,41,15,148,195
masked (1901).jpg,275,183,with_mask,226,44,253,78
masked (1902).jpg,268,188,with_mask,108,59,143,103
masked (1903).jpg,257,196,with_mask,31,16,208,195
masked (1904).jpg,300,168,with_mask,161,29,206,76
masked (1904).jpg,300,168,with_mask,51,47,102,103
masked (1905).jpg,259,194,with_mask,68,32,209,185
masked (1906).jpg,275,183,with_mask,14,51,41,80
masked (1906).jpg,275,183,with_mask,37,64,59,96
masked (1906).jpg,275,183,with_mask,61,69,92,108
masked (1906).jpg,275,183,with_mask,98,60,131,103
masked (1906).jpg,275,183,with_mask,150,39,179,78
masked (1906).jpg,275,183,with_mask,155,76,191,122
masked (1906).jpg,275,183,with_mask,226,86,261,131
masked (1907).jpg,279,181,with_mask,92,38,162,131
masked (1907).jpg,279,181,without_mask,207,73,270,160
masked (1908).jpg,275,183,with_mask,106,69,175,155
masked (1909).jpg,304,166,with_mask,158,30,264,138
masked (1910).jpg,303,166,with_mask,65,32,129,95
masked (1911).jpg,300,168,with_mask,65,6,91,29
masked (1911).jpg,300,168,with_mask,10,19,35,44
masked (1911).jpg,300,168,with_mask,66,48,98,79
masked (1911).jpg,300,168,with_mask,24,102,52,136
masked (1911).jpg,300,168,with_mask,2,119,29,160
masked (1911).jpg,300,168,with_mask,154,108,190,144
masked (1911).jpg,300,168,with_mask,137,34,167,69
masked (1911).jpg,300,168,with_mask,189,1,210,28
masked (1911).jpg,300,168,with_mask,214,2,236,32
masked (1911).jpg,300,168,with_mask,267,78,292,106
masked (1911).jpg,300,168,with_mask,256,16,279,45
masked (1911).jpg,300,168,with_mask,182,47,206,77
masked (1911).jpg,300,168,with_mask,102,141,125,166
masked (1911).jpg,300,168,with_mask,132,8,158,31
masked (1911).jpg,300,168,without_mask,17,41,45,73
masked (1912).jpg,299,168,with_mask,161,41,243,126
masked (1913).jpg,275,183,with_mask,94,54,154,115
masked (1914).jpg,259,194,with_mask,11,82,28,107
masked (1914).jpg,259,194,with_mask,44,86,77,119
masked (1914).jpg,259,194,with_mask,113,119,141,156
masked (1914).jpg,259,194,with_mask,189,115,213,154
masked (1914).jpg,259,194,with_mask,232,87,254,114
masked (1914).jpg,259,194,with_mask,153,70,171,95
masked (1914).jpg,259,194,with_mask,178,76,196,99
masked (1914).jpg,259,194,with_mask,194,61,213,83
masked (1915).jpg,144,105,with_mask,65,41,86,66
masked (1915).jpg,144,105,with_mask,79,7,98,33
masked (1915).jpg,144,105,with_mask,30,63,57,95
masked (1915).jpg,144,105,with_mask,117,59,140,87
masked (1915).jpg,144,105,with_mask,105,31,123,56
masked (1915).jpg,144,105,with_mask,15,22,36,50
masked (3).jpg,121,164,with_mask,8,12,120,161
masked (4).jpg,89,112,with_mask,2,2,84,110
masked (5).jpg,218,318,with_mask,2,3,206,300
masked (6).jpg,244,359,with_mask,4,12,234,356
masked (7).jpg,241,365,with_mask,1,10,235,357
masked (8).jpg,132,184,with_mask,0,10,127,179
masked (9).jpg,253,397,with_mask,2,31,250,394
pra1.jpg,3456,4608,with_mask,1520,1237,3217,3519
pra2.jpg,3456,4608,with_mask,988,969,3404,3936
pra3.jpg,3456,4608,with_mask,2115,1282,2633,3183
prajna.jpg,3456,4608,with_mask,902,1088,1610,1230
unmasked (1250).jpg,320,433,without_mask,71,156,256,375
unmasked (1251).jpg,320,433,without_mask,54,86,271,350
unmasked (1252).jpg,232,217,without_mask,43,24,192,203
unmasked (1253).jpg,589,439,without_mask,152,121,323,311
unmasked (1255).jpg,183,275,without_mask,31,64,160,242
unmasked (1256).jpg,274,366,without_mask,52,91,206,282
unmasked (1257).jpg,225,224,without_mask,69,71,162,180
unmasked (1260).jpg,184,274,without_mask,58,40,134,157
unmasked (1261).jpg,320,428,without_mask,59,105,262,373
unmasked (1262).jpg,512,594,without_mask,74,46,382,432
unmasked (1263).jpg,322,436,without_mask,26,155,254,392
unmasked (1264).jpg,236,285,without_mask,75,33,189,213
unmasked (1265).jpg,320,428,without_mask,75,143,275,359
unmasked (1266).jpg,320,428,without_mask,73,105,282,349
unmasked (1267).jpg,441,494,without_mask,169,141,315,350
unmasked (1268).jpg,194,260,without_mask,53,46,144,161
unmasked (1269).jpg,349,367,without_mask,61,105,236,273
unmasked (1270).jpg,444,455,without_mask,76,122,294,337
unmasked (1271).jpg,320,433,without_mask,72,93,260,372
unmasked (1272).jpg,396,511,without_mask,38,134,290,416
unmasked (1274).jpg,148,235,without_mask,49,71,125,172
unmasked (1275).jpg,327,433,without_mask,76,81,273,347
unmasked (1276).jpg,317,458,without_mask,71,130,207,285
unmasked (1277).jpg,259,194,without_mask,49,30,173,178
unmasked (1278).jpg,194,259,without_mask,37,80,158,244
unmasked (1279).jpg,167,230,without_mask,8,59,139,214
unmasked (1280).jpg,191,213,without_mask,50,42,126,136
unmasked (1282).jpg,320,428,without_mask,57,105,264,364
unmasked (1285).jpg,320,428,without_mask,67,122,277,369
unmasked (1286).jpg,320,428,without_mask,78,128,284,372
unmasked (1287).jpg,320,433,without_mask,78,127,263,354
unmasked (1288).jpg,412,501,without_mask,71,89,313,451
unmasked (1289).jpg,306,165,without_mask,108,22,220,140
unmasked (1290).jpg,182,276,without_mask,32,57,159,242
unmasked (1291).jpg,192,262,without_mask,42,30,150,161
unmasked (1292).jpg,320,428,without_mask,63,96,263,350
unmasked (1293).jpg,324,446,without_mask,67,77,280,369
unmasked (1295).jpg,327,433,without_mask,67,101,278,355
unmasked (1297).jpg,320,428,without_mask,74,110,268,379
unmasked (1298).jpg,341,538,without_mask,24,168,263,497
unmasked (1299).jpg,473,439,without_mask,139,56,345,296
unmasked (1301).jpg,307,326,without_mask,76,97,241,307
unmasked (1302).jpg,244,263,without_mask,28,72,193,224
unmasked (1303).jpg,191,264,without_mask,39,67,153,199
unmasked (1304).jpg,320,428,without_mask,79,103,278,364
unmasked (1306).jpg,263,347,without_mask,23,89,199,299
unmasked (1307).jpg,225,225,without_mask,53,28,182,177
unmasked (1308).jpg,276,381,without_mask,43,92,235,343
unmasked (1309).jpg,320,433,without_mask,52,106,254,367
unmasked (1310).jpg,224,240,without_mask,71,49,165,154
unmasked (1311).jpg,225,225,without_mask,68,52,162,162
unmasked (1312).jpg,244,303,without_mask,21,95,162,252
unmasked (1313).jpg,232,217,without_mask,47,21,192,192
unmasked (1314).jpg,232,217,without_mask,48,20,190,193
unmasked (1315).jpg,167,249,without_mask,36,48,130,184
unmasked (1316).jpg,209,258,without_mask,37,52,166,221
unmasked (1317).jpg,327,433,without_mask,68,90,275,338
unmasked (1318).jpg,231,322,without_mask,20,83,184,265
unmasked (1319).jpg,320,428,without_mask,59,99,290,352
unmasked (1321).jpg,303,166,without_mask,65,0,226,155
unmasked (1322).jpg,531,800,without_mask,135,231,425,555
unmasked (1323).jpg,320,428,without_mask,51,105,260,365
unmasked (1324).jpg,242,208,without_mask,75,41,173,176
unmasked (1325).jpg,332,455,without_mask,69,113,282,412
unmasked (1326).jpg,230,332,without_mask,6,68,191,312
unmasked (1327).jpg,237,252,without_mask,65,45,152,163
unmasked (1328).jpg,320,428,without_mask,62,113,262,378
unmasked (1329).jpg,228,221,without_mask,59,35,179,198
unmasked (1330).jpg,327,433,without_mask,67,109,279,358
unmasked (1331).jpg,459,446,without_mask,80,137,313,412
unmasked (1332).jpg,327,433,without_mask,54,88,258,364
unmasked (1333).jpg,320,428,without_mask,48,109,276,360
unmasked (1334).jpg,320,428,without_mask,64,120,265,371
unmasked (1335).jpg,320,433,without_mask,68,107,260,365
unmasked (1336).jpg,324,341,without_mask,50,110,212,303
unmasked (1337).jpg,214,244,without_mask,39,61,137,184
unmasked (1338).jpg,428,484,without_mask,140,126,348,372
unmasked (1339).jpg,320,433,without_mask,53,125,262,377
unmasked (1340).jpg,320,428,without_mask,58,107,263,364
unmasked (1341).jpg,296,374,without_mask,58,92,200,275
unmasked (1342).jpg,594,960,without_mask,114,132,320,396
unmasked (1343).jpg,320,428,without_mask,60,116,241,359
unmasked (1344).jpg,266,344,without_mask,81,60,208,203
unmasked (1372).jpg,238,212,without_mask,13,27,90,127
unmasked (1374).jpg,321,434,without_mask,64,82,270,330
unmasked (1375).jpg,320,428,without_mask,92,97,278,331
unmasked (1376).jpg,320,428,without_mask,66,123,265,392
unmasked (1377).jpg,273,400,without_mask,31,102,237,374
unmasked (1378).jpg,205,246,without_mask,47,53,166,206
unmasked (1380).jpg,226,250,without_mask,40,60,173,194
unmasked (1381).jpg,206,244,without_mask,40,35,120,133
unmasked (1382).jpg,260,194,without_mask,89,41,186,139
unmasked (1383).jpg,374,584,without_mask,96,199,335,511
unmasked (1384).jpg,320,433,without_mask,68,119,282,365
unmasked (1385).jpg,201,289,without_mask,37,73,171,246
unmasked (1386).jpg,165,208,without_mask,39,28,120,125
unmasked (1387).jpg,188,283,without_mask,15,103,151,252
unmasked (1388).jpg,320,433,without_mask,75,76,294,371
unmasked (1389).jpg,320,433,without_mask,58,110,262,365
unmasked (1390).jpg,192,262,without_mask,33,69,154,213
unmasked (1391).jpg,327,433,without_mask,60,97,267,370
unmasked (1392).jpg,225,240,without_mask,52,38,186,169
unmasked (1393).jpg,257,196,without_mask,105,44,223,170
unmasked (1394).jpg,203,248,without_mask,72,48,119,110
unmasked (1395).jpg,318,442,without_mask,58,134,261,386
unmasked (1396).jpg,259,194,without_mask,73,39,170,152
unmasked (1397).jpg,203,233,without_mask,61,48,135,143
unmasked (1398).jpg,338,414,without_mask,58,103,240,322
unmasked (1399).jpg,225,225,without_mask,60,41,157,144
unmasked (1400).jpg,320,428,without_mask,64,113,272,377
unmasked (1401).jpg,296,170,without_mask,92,45,184,149
unmasked (1402).jpg,320,428,without_mask,82,68,287,342
unmasked (1403).jpg,189,267,without_mask,27,43,168,225
unmasked (1404).jpg,320,428,without_mask,60,105,263,370
unmasked (1405).jpg,202,249,without_mask,54,54,150,169
unmasked (1406).jpg,320,428,without_mask,72,99,263,366
unmasked (1407).jpg,379,465,without_mask,73,130,312,413
unmasked (1408).jpg,270,152,without_mask,61,9,217,150
unmasked (1409).jpg,327,433,without_mask,76,90,271,356
unmasked (1410).jpg,320,428,without_mask,78,104,279,369
unmasked (1411).jpg,259,194,without_mask,79,19,170,144
unmasked (1412).jpg,513,590,without_mask,121,82,437,517
unmasked (1413).jpg,480,640,without_mask,177,179,290,346
unmasked (1414).jpg,320,428,without_mask,56,61,278,376
unmasked (1415).jpg,327,433,without_mask,76,84,284,380
unmasked (1416).jpg,740,516,without_mask,156,60,419,323
unmasked (1417).jpg,320,428,without_mask,57,99,259,373
unmasked (1418).jpg,320,428,without_mask,71,118,263,385
unmasked (1419).jpg,225,225,without_mask,62,62,178,202
unmasked (1420).jpg,320,433,without_mask,79,122,268,358
unmasked (1421).jpg,300,168,without_mask,108,49,195,159
unmasked (1422).jpg,327,433,without_mask,60,100,256,348
unmasked (1424).jpg,225,225,without_mask,52,46,190,219
unmasked (1425).jpg,261,193,without_mask,113,38,206,141
unmasked (1426).jpg,222,227,without_mask,33,19,187,214
unmasked (1427).jpg,225,225,without_mask,65,79,145,187
unmasked (1428).jpg,300,418,without_mask,37,102,238,333
unmasked (1429).jpg,341,456,without_mask,53,86,264,360
unmasked (1430).jpg,207,329,without_mask,45,86,176,261
unmasked (1432).jpg,320,428,without_mask,72,95,266,362
unmasked (1433).jpg,327,433,without_mask,76,77,262,340
unmasked (1434).jpg,327,433,without_mask,76,73,261,359
unmasked (1435).jpg,309,322,without_mask,65,90,200,236
unmasked (1436).jpg,320,428,without_mask,63,87,253,361
unmasked (1437).jpg,320,428,without_mask,58,121,264,347
unmasked (1438).jpg,183,275,without_mask,7,4,145,195
unmasked (1439).jpg,320,433,without_mask,63,96,255,358
unmasked (1440).jpg,184,274,without_mask,53,58,132,163
unmasked (1441).jpg,110,222,without_mask,11,83,109,204
unmasked (1442).jpg,797,650,without_mask,319,155,576,541
unmasked (1443).jpg,503,450,without_mask,157,105,321,289
unmasked (1444).jpg,316,313,without_mask,121,50,235,204
unmasked (1445).jpg,353,502,without_mask,67,95,329,424
unmasked (1446).jpg,320,428,without_mask,68,98,273,358
unmasked (1447).jpg,320,433,without_mask,70,112,277,351
unmasked (1448).jpg,249,203,without_mask,60,42,190,189
unmasked (1449).jpg,290,417,without_mask,62,93,237,325
unmasked (1450).jpg,242,359,without_mask,52,55,215,281
unmasked (1451).jpg,320,428,without_mask,81,98,272,354
unmasked (1452).jpg,179,281,without_mask,51,69,134,206
unmasked (1453).jpg,229,220,without_mask,78,25,157,135
unmasked (1454).jpg,320,428,without_mask,54,93,250,359
unmasked (1455).jpg,345,390,without_mask,107,43,254,242
unmasked (1456).jpg,209,247,without_mask,70,51,177,205
unmasked (1457).jpg,320,428,without_mask,57,106,251,382
unmasked (1458).jpg,155,157,without_mask,45,22,104,107
unmasked (1459).jpg,315,395,without_mask,38,51,218,318
unmasked (1460).jpg,313,423,without_mask,42,101,223,355
unmasked (1461).jpg,320,433,without_mask,76,63,296,369
unmasked (1462).jpg,388,489,without_mask,103,92,240,269
unmasked (1463).jpg,320,428,without_mask,66,72,265,374
unmasked (1464).jpg,318,442,without_mask,56,106,246,354
unmasked (1465).jpg,166,251,without_mask,35,58,110,171
unmasked (1466).jpg,308,384,without_mask,22,123,183,341
unmasked (1467).jpg,193,261,without_mask,29,61,158,225
unmasked (1468).jpg,320,428,without_mask,65,97,271,354
unmasked (1469).jpg,327,433,without_mask,79,138,265,364
unmasked (1470).jpg,320,428,without_mask,73,112,270,357
unmasked (1471).jpg,320,428,without_mask,56,108,267,366
unmasked (1472).jpg,292,446,without_mask,8,109,211,367
unmasked (1473).jpg,351,416,without_mask,34,117,265,372
unmasked (1475).jpg,225,224,without_mask,76,32,160,138
unmasked (1476).jpg,320,433,without_mask,66,102,272,371
unmasked (1477).jpg,179,281,without_mask,49,15,133,147
unmasked (1478).jpg,277,405,without_mask,72,76,226,283
unmasked (1479).jpg,408,432,without_mask,57,73,275,332
unmasked (1480).jpg,290,174,without_mask,64,31,144,140
unmasked (1481).jpg,214,316,without_mask,45,42,190,244
unmasked (1482).jpg,205,251,without_mask,73,57,167,177
unmasked (1483).jpg,768,960,without_mask,13,7,479,394
unmasked (1484).jpg,320,428,without_mask,73,88,265,342
unmasked (1485).jpg,205,246,without_mask,48,54,157,205
unmasked (1486).jpg,320,428,without_mask,86,87,266,363
unmasked (1487).jpg,377,502,without_mask,136,98,290,329
unmasked (1488).jpg,398,576,without_mask,128,140,350,411
unmasked (1489).jpg,365,418,without_mask,86,85,277,302
unmasked (1490).jpg,320,428,without_mask,73,112,280,378
unmasked (1491).jpg,327,433,without_mask,80,87,283,337
unmasked (1492).jpg,320,428,without_mask,56,111,258,366
unmasked (1493).jpg,276,182,without_mask,96,51,174,166
unmasked (1494).jpg,320,433,without_mask,55,102,262,360
unmasked (1495).jpg,225,225,without_mask,48,61,191,214
unmasked (1496).jpg,341,382,without_mask,77,82,218,267
unmasked (1497).jpg,320,428,without_mask,65,108,279,358
unmasked (1498).jpg,320,428,without_mask,54,107,264,382
unmasked (1499).jpg,320,428,without_mask,66,135,263,384
unmasked (1500).jpg,313,449,without_mask,21,111,203,342
unmasked (1501).jpg,297,455,without_mask,22,139,249,416
unmasked (1502).jpg,658,382,without_mask,161,49,348,237
unmasked (1503).jpg,320,428,without_mask,67,115,249,342
unmasked (1504).jpg,363,395,without_mask,46,61,319,342
unmasked (1505).jpg,320,428,without_mask,95,133,264,351
unmasked (1506).jpg,280,461,without_mask,45,105,242,350
unmasked (1507).jpg,320,428,without_mask,53,98,265,355
unmasked (1508).jpg,322,363,without_mask,83,60,260,282
unmasked (1509).jpg,189,266,without_mask,61,29,152,159
unmasked (1510).jpg,320,428,without_mask,73,87,278,378
unmasked (1511).jpg,320,428,without_mask,71,86,270,358
unmasked (1512).jpg,320,433,without_mask,66,46,262,339
unmasked (1513).jpg,209,272,without_mask,34,75,182,238
unmasked (1514).jpg,320,428,without_mask,65,117,264,368
unmasked (1515).jpg,480,640,without_mask,67,41,308,350
unmasked (1516).jpg,264,331,without_mask,53,38,193,252
unmasked (1517).jpg,320,428,without_mask,60,101,254,352
unmasked (1518).jpg,327,433,without_mask,70,75,257,342
unmasked (1519).jpg,320,428,without_mask,65,87,253,381
unmasked (1520).jpg,204,247,without_mask,60,11,152,145
unmasked (1521).jpg,225,225,without_mask,52,24,178,204
unmasked (1522).jpg,320,428,without_mask,68,85,274,371
unmasked (1523).jpg,327,433,without_mask,68,92,268,387
unmasked (1524).jpg,323,339,without_mask,67,103,226,307
unmasked (1525).jpg,720,720,without_mask,231,207,641,702
unmasked (1526).jpg,576,960,without_mask,202,181,346,484
unmasked (1527).jpg,437,400,without_mask,66,55,285,347
unmasked (1528).jpg,320,428,without_mask,59,85,275,377
unmasked (1529).jpg,327,433,without_mask,54,93,258,376
unmasked (1530).jpg,303,166,without_mask,42,1,202,150
unmasked (1531).jpg,191,263,without_mask,55,37,134,155
unmasked (1532).jpg,188,268,without_mask,49,45,137,160
unmasked (1533).jpg,150,178,without_mask,24,10,130,159
unmasked (1534).jpg,189,267,without_mask,38,21,152,183
unmasked (1535).jpg,318,442,without_mask,56,70,285,386
unmasked (1536).jpg,353,554,without_mask,85,66,315,447
unmasked (1537).jpg,320,428,without_mask,58,56,254,347
unmasked (1538).jpg,362,577,without_mask,35,84,286,459
unmasked (1539).jpg,279,288,without_mask,53,65,204,250
unmasked (1540).jpg,320,428,without_mask,64,79,262,351
unmasked (1541).jpg,183,275,without_mask,30,21,152,206
unmasked (1542).jpg,320,428,without_mask,66,85,262,353
unmasked (1543).jpg,356,549,without_mask,42,156,319,525
unmasked (1544).jpg,225,225,without_mask,49,24,155,162
unmasked (1545).jpg,213,237,without_mask,12,6,205,233
unmasked (1546).jpg,198,276,without_mask,50,49,141,181
unmasked (1547).jpg,183,275,without_mask,48,12,153,149
unmasked (1549).jpg,441,385,without_mask,152,42,311,216
unmasked (1550).jpg,960,960,without_mask,337,88,647,492
unmasked (1551).jpg,337,466,without_mask,32,58,288,443
unmasked (1552).jpg,320,433,without_mask,72,97,270,337
unmasked (1553).jpg,320,433,without_mask,72,82,280,358
unmasked (1554).jpg,346,423,without_mask,74,125,231,330
unmasked (1555).jpg,320,428,without_mask,78,121,267,379
unmasked (1556).jpg,278,309,without_mask,32,55,165,195
unmasked (1557).jpg,275,183,without_mask,102,43,183,141
unmasked (1558).jpg,320,428,without_mask,54,110,255,377
unmasked (1559).jpg,363,408,without_mask,87,116,249,300
unmasked (1560).jpg,320,428,without_mask,63,105,281,385
unmasked (1561).jpg,320,428,without_mask,68,105,256,368
unmasked (1562).jpg,205,246,without_mask,60,58,146,179
unmasked (1563).jpg,336,427,without_mask,42,89,232,343
unmasked (1564).jpg,291,384,without_mask,55,104,210,305
unmasked (1565).jpg,320,428,without_mask,74,95,278,376
unmasked (1566).jpg,299,168,without_mask,147,4,271,133
unmasked (1567).jpg,245,206,without_mask,71,41,167,173
unmasked (1568).jpg,320,428,without_mask,49,78,268,396
unmasked (1569).jpg,278,181,without_mask,75,17,129,86
unmasked (1570).jpg,275,183,without_mask,114,50,157,103
unmasked (1570).jpg,275,183,without_mask,162,56,194,106
unmasked (1570).jpg,275,183,without_mask,221,65,253,112
unmasked (1570).jpg,275,183,without_mask,75,57,105,97
unmasked (1571).jpg,408,411,without_mask,135,121,283,281
unmasked (1572).jpg,258,195,without_mask,75,58,166,167
unmasked (1573).jpg,320,433,without_mask,68,88,266,366
unmasked (1574).jpg,195,259,without_mask,49,39,148,175
unmasked (1575).jpg,320,428,without_mask,57,61,262,364
unmasked (1576).jpg,320,433,without_mask,58,91,253,355
unmasked (1577).jpg,320,428,without_mask,47,96,274,390
unmasked (1578).jpg,467,518,without_mask,89,122,314,367
unmasked (1579).jpg,320,428,without_mask,51,101,276,386
unmasked (1580).jpg,168,299,without_mask,35,49,153,221
unmasked (1581).jpg,320,428,without_mask,56,94,255,347
unmasked (1582).jpg,320,433,without_mask,66,113,267,355
unmasked (1583).jpg,320,428,without_mask,55,113,257,378
unmasked (1584).jpg,324,493,without_mask,24,140,259,441
unmasked (1585).jpg,320,428,without_mask,53,92,264,377
unmasked (1586).jpg,450,800,without_mask,36,134,294,433
unmasked (1587).jpg,345,362,without_mask,96,92,227,250
unmasked (1588).jpg,318,442,without_mask,63,118,254,361
unmasked (1591).jpg,320,428,without_mask,71,130,273,376
unmasked (1592).jpg,427,378,without_mask,121,81,244,248
unmasked (1593).jpg,639,639,without_mask,203,154,460,483
unmasked (1594).jpg,600,908,without_mask,200,166,404,418
unmasked (1595).jpg,114,141,without_mask,5,38,88,127
unmasked (1596).jpg,354,340,without_mask,42,3,321,317
unmasked (1597).jpg,320,428,without_mask,49,128,242,383
unmasked (1598).jpg,353,344,without_mask,95,80,234,247
unmasked (1599).jpg,320,433,without_mask,58,85,270,374
unmasked (1600).jpg,320,433,without_mask,64,111,264,371
unmasked (1601).jpg,320,428,without_mask,79,109,267,345
unmasked (1602).jpg,320,433,without_mask,71,71,257,333
unmasked (1603).jpg,199,253,without_mask,61,31,142,172
unmasked (1604).jpg,275,183,without_mask,80,50,144,132
unmasked (1605).jpg,209,267,without_mask,32,43,132,177
unmasked (1606).jpg,156,221,without_mask,30,32,129,179
unmasked (1607).jpg,640,480,without_mask,35,29,348,363
unmasked (1609).jpg,511,496,without_mask,62,66,278,332
unmasked (1610).jpg,276,183,without_mask,91,34,171,135
unmasked (1611).jpg,199,254,without_mask,67,18,193,184
unmasked (1612).jpg,491,507,without_mask,83,23,394,434
unmasked (1613).jpg,301,499,without_mask,23,107,285,440
unmasked (1614).jpg,320,433,without_mask,73,112,278,383
unmasked (1615).jpg,320,428,without_mask,78,99,286,355
unmasked (1616).jpg,960,768,without_mask,237,68,624,669
unmasked (1617).jpg,183,275,without_mask,51,33,132,158
unmasked (1618).jpg,200,218,without_mask,23,53,140,183
unmasked (1619).jpg,194,259,without_mask,60,73,144,179
unmasked (1620).jpg,250,283,without_mask,42,63,163,205
unmasked (1621).jpg,317,420,without_mask,53,84,242,309
unmasked (1622).jpg,398,425,without_mask,60,96,230,277
unmasked (1623).jpg,299,168,without_mask,162,25,228,104
unmasked (1624).jpg,299,169,without_mask,106,44,209,158
unmasked (1625).jpg,261,248,without_mask,62,56,154,151
unmasked (1626).jpg,232,217,without_mask,50,27,189,198
unmasked (1627).jpg,320,428,without_mask,72,95,271,357
unmasked (1628).jpg,405,517,without_mask,85,157,323,484
unmasked (1629).jpg,250,310,without_mask,82,73,194,212
unmasked (1630).jpg,167,241,without_mask,52,39,115,129
unmasked (1631).jpg,320,428,without_mask,70,101,280,367
unmasked (1632).jpg,275,183,without_mask,53,0,216,172
unmasked (1633).jpg,236,297,without_mask,42,44,188,224
unmasked (1634).jpg,320,433,without_mask,69,121,264,365
unmasked (1635).jpg,320,433,without_mask,73,98,265,355
unmasked (1636).jpg,320,428,without_mask,77,122,273,385
unmasked (1637).jpg,320,428,without_mask,63,93,273,375
unmasked (1638).jpg,320,428,without_mask,79,119,275,374
unmasked (1639).jpg,538,521,without_mask,69,63,404,450
unmasked (1640).jpg,480,640,without_mask,125,54,387,420
unmasked (1642).jpg,320,428,without_mask,69,131,272,381
unmasked (1644).jpg,320,433,without_mask,66,120,268,359
unmasked (1645).jpg,320,428,without_mask,63,108,256,360
unmasked (1646).jpg,183,275,without_mask,31,61,159,234
unmasked (1647).jpg,320,428,without_mask,76,120,278,371
unmasked (1648).jpg,298,452,without_mask,60,98,235,331
unmasked (1649).jpg,540,960,without_mask,173,205,456,576
unmasked (1650).jpg,320,428,without_mask,58,117,275,379
unmasked (1651).jpg,327,433,without_mask,58,94,260,366
unmasked (1652).jpg,187,203,without_mask,61,27,138,122
unmasked (1653).jpg,320,428,without_mask,71,90,275,360
unmasked (1654).jpg,338,443,without_mask,32,103,273,387
unmasked (1655).jpg,313,443,without_mask,44,105,259,386
unmasked (1656).jpg,408,411,without_mask,131,107,295,289
unmasked (1659).jpg,289,277,without_mask,45,35,203,216
unmasked (1662).jpg,184,274,without_mask,59,54,145,178
unmasked (1663).jpg,320,428,without_mask,52,117,250,376
unmasked (1669).jpg,320,428,without_mask,29,112,252,396
unmasked (1670).jpg,165,208,without_mask,46,24,125,126
unmasked (1671).jpg,165,208,without_mask,46,25,123,129
unmasked (1672).jpg,165,208,without_mask,39,30,119,130
unmasked (1673).jpg,165,208,without_mask,37,26,122,130
unmasked (1674).jpg,209,247,without_mask,29,71,146,206
unmasked (1677).jpg,768,960,without_mask,310,163,582,576
unmasked (1680).jpg,576,960,without_mask,213,215,385,455
unmasked (1682).jpg,320,428,without_mask,78,87,286,372
unmasked (1683).jpg,189,258,without_mask,41,26,175,240
unmasked (1688).jpg,320,428,without_mask,40,85,261,401
unmasked (1690).jpg,209,267,without_mask,79,54,173,185
unmasked (1697).jpg,320,428,without_mask,61,73,262,373
unmasked (1699).jpg,232,217,without_mask,43,33,185,200
unmasked (1708).jpg,658,382,without_mask,134,42,367,257
unmasked (1709).jpg,166,251,without_mask,26,49,123,178
unmasked (1714).jpg,320,428,without_mask,58,101,268,375
unmasked (1716).jpg,263,347,without_mask,24,69,190,288
unmasked (1725).jpg,179,281,without_mask,49,10,135,150
unmasked (1730).jpg,275,183,without_mask,90,36,171,130
unmasked (1732).jpg,154,225,without_mask,21,44,139,183
unmasked (1733).jpg,320,428,without_mask,57,109,265,370
unmasked (1739).jpg,259,194,without_mask,77,23,171,148
unmasked (1741).jpg,327,433,without_mask,68,86,275,348
unmasked (1746).jpg,320,428,without_mask,67,103,284,360
unmasked (1748).jpg,320,428,without_mask,44,114,235,362
unmasked (1752).jpg,320,428,without_mask,75,135,259,373
unmasked (1758).jpg,320,428,without_mask,57,109,264,371
unmasked (1761).jpg,320,428,without_mask,52,115,252,369
unmasked (1762).jpg,320,428,without_mask,52,118,252,360
unmasked (1763).jpg,320,428,without_mask,52,123,250,369
unmasked (1764).jpg,320,433,without_mask,71,85,272,372
unmasked (1769).jpg,540,720,without_mask,194,126,386,401
unmasked (1777).jpg,320,428,without_mask,85,91,280,385
unmasked (1778).jpg,290,417,without_mask,44,97,249,327
unmasked (1785).jpg,203,248,without_mask,82,51,128,108
unmasked (1788).jpg,320,428,without_mask,56,115,260,381
unmasked (1792).jpg,320,433,without_mask,56,92,252,353
unmasked (1793).jpg,320,433,without_mask,51,119,252,369
unmasked (1794).jpg,320,433,without_mask,53,119,254,376
unmasked (1795).jpg,320,433,without_mask,50,112,255,369
unmasked (1796).jpg,320,428,without_mask,42,110,249,362
unmasked (1800).jpg,309,322,without_mask,108,76,240,241
unmasked (1803).jpg,320,428,without_mask,56,112,250,356
unmasked (1807).jpg,320,428,without_mask,42,71,242,360
unmasked (1813).jpg,768,960,without_mask,0,3,494,459
unmasked (1815).jpg,190,265,without_mask,26,15,174,198
unmasked (1819).jpg,320,428,without_mask,59,87,253,356
unmasked (1822).jpg,320,433,without_mask,36,87,254,367
unmasked (1824).jpg,320,428,without_mask,76,92,268,385
unmasked (1827).jpg,193,261,without_mask,29,47,162,236
unmasked (1834).jpg,480,480,without_mask,149,62,356,311
unmasked (1835).jpg,249,203,without_mask,60,12,195,190
unmasked (1839).jpg,277,405,without_mask,79,81,227,287
unmasked (1840).jpg,271,338,without_mask,101,76,226,236
unmasked (1843).jpg,320,428,without_mask,55,112,250,357
unmasked (1852).jpg,320,428,without_mask,61,103,267,375
unmasked (1853).jpg,320,428,without_mask,59,101,268,371
unmasked (1854).jpg,320,428,without_mask,39,128,257,373
unmasked (1856).jpg,320,433,without_mask,58,157,258,383
unmasked (1858).jpg,320,428,without_mask,61,116,264,391
unmasked (1859).jpg,195,259,without_mask,17,64,174,243
unmasked (1864).jpg,320,428,without_mask,59,110,268,367
unmasked (1865).jpg,320,428,without_mask,62,93,280,373
unmasked (1866).jpg,320,428,without_mask,39,96,255,373
unmasked (1867).jpg,320,428,without_mask,38,105,255,373
unmasked (1869).jpg,226,280,without_mask,83,61,177,187
unmasked (1872).jpg,236,297,without_mask,42,61,190,224
unmasked (1875).jpg,441,494,without_mask,162,160,320,362
unmasked (1876).jpg,189,258,without_mask,41,55,176,242
unmasked (1879).jpg,258,195,without_mask,68,57,165,167
unmasked (1882).jpg,320,428,without_mask,45,90,241,362
unmasked (1885).jpg,320,428,without_mask,60,89,270,371
unmasked (1886).jpg,320,428,without_mask,60,111,264,371
unmasked (1888).jpg,320,428,without_mask,47,101,248,382
unmasked (1891).jpg,154,225,without_mask,19,41,136,174
unmasked (1894).jpg,320,428,without_mask,63,98,265,385
unmasked (1897).jpg,165,208,without_mask,49,17,120,127
unmasked (1899).jpg,428,484,without_mask,129,102,344,375
unmasked (1900).jpg,197,256,without_mask,27,29,164,236
unmasked (1903).jpg,412,501,without_mask,58,101,315,458
unmasked (1904).jpg,320,428,without_mask,58,103,256,382
unmasked (1907).jpg,224,240,without_mask,58,37,153,158
unmasked (1912).jpg,864,864,without_mask,108,127,425,643
